[
    {
        "header": "The Shawshank Redemption",
        "year": "1994",
        "duration": "2h 22m",
        "genere": "Drama",
        "rating": "9.3",
        "movie_url": "https://www.imdb.com/title/tt0111161/?ref_=chttp_t_1"
    },
    {
        "header": "Schindler's List",
        "year": "1993",
        "duration": "3h 15m",
        "genere": "Biography",
        "rating": "9.0",
        "movie_url": "https://www.imdb.com/title/tt0108052/?ref_=chttp_t_6"
    },
    {
        "header": "The Godfather Part II",
        "year": "1974",
        "duration": "3h 22m",
        "genere": "Crime",
        "rating": "9.0",
        "movie_url": "https://www.imdb.com/title/tt0071562/?ref_=chttp_t_4"
    },
    {
        "header": "The Dark Knight",
        "year": "2008",
        "duration": "2h 32m",
        "genere": "Action",
        "rating": "9.0",
        "movie_url": "https://www.imdb.com/title/tt0468569/?ref_=chttp_t_3"
    },
    {
        "header": "The Lord of the Rings: The Return of the King",
        "year": "2003",
        "duration": "3h 21m",
        "genere": "Action",
        "rating": "9.0",
        "movie_url": "https://www.imdb.com/title/tt0167260/?ref_=chttp_t_7"
    },
    {
        "header": "The Godfather",
        "year": "1972",
        "duration": "2h 55m",
        "genere": "Crime",
        "rating": "9.2",
        "movie_url": "https://www.imdb.com/title/tt0068646/?ref_=chttp_t_2"
    },
    {
        "header": "Pulp Fiction",
        "year": "1994",
        "duration": "2h 34m",
        "genere": "Crime",
        "rating": "8.9",
        "movie_url": "https://www.imdb.com/title/tt0110912/?ref_=chttp_t_8"
    },
    {
        "header": "12 Angry Men",
        "year": "1957",
        "duration": "1h 36m",
        "genere": "Crime",
        "rating": "9.0",
        "movie_url": "https://www.imdb.com/title/tt0050083/?ref_=chttp_t_5"
    },
    {
        "header": "The Lord of the Rings: The Fellowship of the Ring",
        "year": "2001",
        "duration": "2h 58m",
        "genere": "Action",
        "rating": "8.9",
        "movie_url": "https://www.imdb.com/title/tt0120737/?ref_=chttp_t_9"
    },
    {
        "header": "The Good, the Bad and the Ugly",
        "year": "1966",
        "duration": "2h 58m",
        "genere": "Adventure",
        "rating": "8.8",
        "movie_url": "https://www.imdb.com/title/tt0060196/?ref_=chttp_t_10"
    },
    {
        "header": "Forrest Gump",
        "year": "1994",
        "duration": "2h 22m",
        "genere": "Drama",
        "rating": "8.8",
        "movie_url": "https://www.imdb.com/title/tt0109830/?ref_=chttp_t_11"
    },
    {
        "header": "Fight Club",
        "year": "1999",
        "duration": "2h 19m",
        "genere": "Drama",
        "rating": "8.8",
        "movie_url": "https://www.imdb.com/title/tt0137523/?ref_=chttp_t_13"
    },
    {
        "header": "Inception",
        "year": "2010",
        "duration": "2h 28m",
        "genere": "Action",
        "rating": "8.8",
        "movie_url": "https://www.imdb.com/title/tt1375666/?ref_=chttp_t_14"
    },
    {
        "header": "The Lord of the Rings: The Two Towers",
        "year": "2002",
        "duration": "2h 59m",
        "genere": "Action",
        "rating": "8.8",
        "movie_url": "https://www.imdb.com/title/tt0167261/?ref_=chttp_t_12"
    },
    {
        "header": "Star Wars: Episode V - The Empire Strikes Back",
        "year": "1980",
        "duration": "2h 4m",
        "genere": "Action",
        "rating": "8.7",
        "movie_url": "https://www.imdb.com/title/tt0080684/?ref_=chttp_t_15"
    },
    {
        "header": "The Matrix",
        "year": "1999",
        "duration": "2h 16m",
        "genere": "Action",
        "rating": "8.7",
        "movie_url": "https://www.imdb.com/title/tt0133093/?ref_=chttp_t_16"
    },
    {
        "header": "Paris, Texas",
        "year": "1984",
        "duration": "2h 25m",
        "genere": "Drama",
        "rating": "8.1",
        "movie_url": "https://www.imdb.com/title/tt0087884/?ref_=chttp_t_250"
    },
    {
        "header": "Aladdin",
        "year": "G",
        "duration": null,
        "genere": "Animation",
        "rating": "8.0",
        "movie_url": "https://www.imdb.com/title/tt0103639/?ref_=chttp_t_248"
    },
    {
        "header": "Dances with Wolves",
        "year": "1990",
        "duration": "3h 1m",
        "genere": "Adventure",
        "rating": "8.0",
        "movie_url": "https://www.imdb.com/title/tt0099348/?ref_=chttp_t_249"
    },
    {
        "header": "It Happened One Night",
        "year": "1934",
        "duration": "1h 45m",
        "genere": "Comedy",
        "rating": "8.1",
        "movie_url": "https://www.imdb.com/title/tt0025316/?ref_=chttp_t_247"
    },
    {
        "header": "The Help",
        "year": "2011",
        "duration": "2h 26m",
        "genere": "Drama",
        "rating": "8.1",
        "movie_url": "https://www.imdb.com/title/tt1454029/?ref_=chttp_t_246"
    },
    {
        "header": "Cool Hand Luke",
        "year": "1967",
        "duration": "2h 7m",
        "genere": "Crime",
        "rating": "8.1",
        "movie_url": "https://www.imdb.com/title/tt0061512/?ref_=chttp_t_245"
    },
    {
        "header": "Rebecca",
        "year": "1940",
        "duration": "2h 10m",
        "genere": "Drama",
        "rating": "8.1",
        "movie_url": "https://www.imdb.com/title/tt0032976/?ref_=chttp_t_243"
    },
    {
        "header": "The Iron Giant",
        "year": "1999",
        "duration": "1h 26m",
        "genere": "Animation",
        "rating": "8.1",
        "movie_url": "https://www.imdb.com/title/tt0129167/?ref_=chttp_t_244"
    },
    {
        "header": "Amores Perros",
        "year": "2000",
        "duration": "2h 34m",
        "genere": "Drama",
        "rating": "8.1",
        "movie_url": "https://www.imdb.com/title/tt0245712/?ref_=chttp_t_242"
    },
    {
        "header": "Groundhog Day",
        "year": "1993",
        "duration": "1h 41m",
        "genere": "Comedy",
        "rating": "8.0",
        "movie_url": "https://www.imdb.com/title/tt0107048/?ref_=chttp_t_241"
    },
    {
        "header": "The Grapes of Wrath",
        "year": "1940",
        "duration": "2h 9m",
        "genere": "Drama",
        "rating": "8.1",
        "movie_url": "https://www.imdb.com/title/tt0032551/?ref_=chttp_t_239"
    },
    {
        "header": "The Battle of Algiers",
        "year": "1966",
        "duration": "2h 1m",
        "genere": "Drama",
        "rating": "8.1",
        "movie_url": "https://www.imdb.com/title/tt0058946/?ref_=chttp_t_238"
    },
    {
        "header": "My Father and My Son",
        "year": "2005",
        "duration": "1h 52m",
        "genere": "Drama",
        "rating": "8.2",
        "movie_url": "https://www.imdb.com/title/tt0476735/?ref_=chttp_t_236"
    },
    {
        "header": "To Be or Not to Be",
        "year": "1942",
        "duration": "1h 39m",
        "genere": "Comedy",
        "rating": "8.1",
        "movie_url": "https://www.imdb.com/title/tt0035446/?ref_=chttp_t_240"
    },
    {
        "header": "Hachi: A Dog's Tale",
        "year": "G",
        "duration": null,
        "genere": "Biography",
        "rating": "8.1",
        "movie_url": "https://www.imdb.com/title/tt1028532/?ref_=chttp_t_233"
    },
    {
        "header": "The Sound of Music",
        "year": "1965",
        "duration": "2h 52m",
        "genere": "Biography",
        "rating": "8.1",
        "movie_url": "https://www.imdb.com/title/tt0059742/?ref_=chttp_t_237"
    },
    {
        "header": "Into the Wild",
        "year": "2007",
        "duration": "2h 28m",
        "genere": "Adventure",
        "rating": "8.1",
        "movie_url": "https://www.imdb.com/title/tt0758758/?ref_=chttp_t_235"
    },
    {
        "header": "The Incredibles",
        "year": "2004",
        "duration": "1h 55m",
        "genere": "Animation",
        "rating": "8.0",
        "movie_url": "https://www.imdb.com/title/tt0317705/?ref_=chttp_t_232"
    },
    {
        "header": "The Wizard of Oz",
        "year": "1939",
        "duration": "1h 42m",
        "genere": "Adventure",
        "rating": "8.1",
        "movie_url": "https://www.imdb.com/title/tt0032138/?ref_=chttp_t_231"
    },
    {
        "header": "Stand by Me",
        "year": "1986",
        "duration": "1h 29m",
        "genere": "Adventure",
        "rating": "8.1",
        "movie_url": "https://www.imdb.com/title/tt0092005/?ref_=chttp_t_230"
    },
    {
        "header": "The Handmaiden",
        "year": "2016",
        "duration": "2h 25m",
        "genere": "Drama",
        "rating": "8.1",
        "movie_url": "https://www.imdb.com/title/tt4016934/?ref_=chttp_t_234"
    },
    {
        "header": "Network",
        "year": "1976",
        "duration": "2h 1m",
        "genere": "Drama",
        "rating": "8.1",
        "movie_url": "https://www.imdb.com/title/tt0074958/?ref_=chttp_t_229"
    },
    {
        "header": "Jai Bhim",
        "year": "2021",
        "duration": "2h 44m",
        "genere": "Crime",
        "rating": "8.7",
        "movie_url": "https://www.imdb.com/title/tt15097216/?ref_=chttp_t_228"
    },
    {
        "header": "Pirates of the Caribbean: The Curse of the Black Pearl",
        "year": "2003",
        "duration": "2h 23m",
        "genere": "Action",
        "rating": "8.1",
        "movie_url": "https://www.imdb.com/title/tt0325980/?ref_=chttp_t_226"
    },
    {
        "header": "Rush",
        "year": "2013",
        "duration": "2h 3m",
        "genere": "Action",
        "rating": "8.1",
        "movie_url": "https://www.imdb.com/title/tt1979320/?ref_=chttp_t_227"
    },
    {
        "header": "The Exorcist",
        "year": "1973",
        "duration": "2h 2m",
        "genere": "Horror",
        "rating": "8.1",
        "movie_url": "https://www.imdb.com/title/tt0070047/?ref_=chttp_t_225"
    },
    {
        "header": "La haine",
        "year": "1995",
        "duration": "1h 38m",
        "genere": "Crime",
        "rating": "8.1",
        "movie_url": "https://www.imdb.com/title/tt0113247/?ref_=chttp_t_223"
    },
    {
        "header": "The Best Years of Our Lives",
        "year": "1946",
        "duration": "2h 50m",
        "genere": "Drama",
        "rating": "8.1",
        "movie_url": "https://www.imdb.com/title/tt0036868/?ref_=chttp_t_224"
    },
    {
        "header": "Before Sunset",
        "year": "R",
        "duration": null,
        "genere": "Drama",
        "rating": "8.1",
        "movie_url": "https://www.imdb.com/title/tt0381681/?ref_=chttp_t_222"
    },
    {
        "header": "The Passion of Joan of Arc",
        "year": "1928",
        "duration": "1h 54m",
        "genere": "Biography",
        "rating": "8.1",
        "movie_url": "https://www.imdb.com/title/tt0019254/?ref_=chttp_t_221"
    },
    {
        "header": "The Terminator",
        "year": "1984",
        "duration": "1h 47m",
        "genere": "Action",
        "rating": "8.1",
        "movie_url": "https://www.imdb.com/title/tt0088247/?ref_=chttp_t_220"
    },
    {
        "header": "Platoon",
        "year": "1986",
        "duration": "2h",
        "genere": "Drama",
        "rating": "8.1",
        "movie_url": "https://www.imdb.com/title/tt0091763/?ref_=chttp_t_219"
    },
    {
        "header": "Spotlight",
        "year": "2015",
        "duration": "2h 9m",
        "genere": "Biography",
        "rating": "8.1",
        "movie_url": "https://www.imdb.com/title/tt1895587/?ref_=chttp_t_217"
    },
    {
        "header": "Hotel Rwanda",
        "year": "2004",
        "duration": "2h 1m",
        "genere": "Biography",
        "rating": "8.1",
        "movie_url": "https://www.imdb.com/title/tt0395169/?ref_=chttp_t_218"
    },
    {
        "header": "Logan",
        "year": "2017",
        "duration": "2h 17m",
        "genere": "Action",
        "rating": "8.1",
        "movie_url": "https://www.imdb.com/title/tt3315342/?ref_=chttp_t_216"
    },
    {
        "header": "Rocky",
        "year": "1976",
        "duration": "2h",
        "genere": "Drama",
        "rating": "8.1",
        "movie_url": "https://www.imdb.com/title/tt0075148/?ref_=chttp_t_215"
    },
    {
        "header": "The Seventh Seal",
        "year": "1957",
        "duration": "1h 36m",
        "genere": "Drama",
        "rating": "8.1",
        "movie_url": "https://www.imdb.com/title/tt0050976/?ref_=chttp_t_214"
    },
    {
        "header": "The Big Lebowski",
        "year": "1998",
        "duration": "1h 57m",
        "genere": "Comedy",
        "rating": "8.1",
        "movie_url": "https://www.imdb.com/title/tt0118715/?ref_=chttp_t_212"
    },
    {
        "header": "Room",
        "year": "2015",
        "duration": "1h 58m",
        "genere": "Drama",
        "rating": "8.1",
        "movie_url": "https://www.imdb.com/title/tt3170832/?ref_=chttp_t_213"
    },
    {
        "header": "Tokyo Story",
        "year": "1953",
        "duration": "2h 16m",
        "genere": "Drama",
        "rating": "8.1",
        "movie_url": "https://www.imdb.com/title/tt0046438/?ref_=chttp_t_211"
    },
    {
        "header": "Ford v Ferrari",
        "year": "2019",
        "duration": "2h 32m",
        "genere": "Action",
        "rating": "8.1",
        "movie_url": "https://www.imdb.com/title/tt1950186/?ref_=chttp_t_210"
    },
    {
        "header": "Mr. Smith Goes to Washington",
        "year": "1939",
        "duration": "2h 9m",
        "genere": "Comedy",
        "rating": "8.1",
        "movie_url": "https://www.imdb.com/title/tt0031679/?ref_=chttp_t_208"
    },
    {
        "header": "Ratatouille",
        "year": "2007",
        "duration": "1h 51m",
        "genere": "Animation",
        "rating": "8.1",
        "movie_url": "https://www.imdb.com/title/tt0382932/?ref_=chttp_t_209"
    },
    {
        "header": "How to Train Your Dragon",
        "year": "2010",
        "duration": "1h 38m",
        "genere": "Animation",
        "rating": "8.1",
        "movie_url": "https://www.imdb.com/title/tt0892769/?ref_=chttp_t_206"
    },
    {
        "header": "The Wages of Fear",
        "year": "1953",
        "duration": "2h 11m",
        "genere": "Adventure",
        "rating": "8.2",
        "movie_url": "https://www.imdb.com/title/tt0046268/?ref_=chttp_t_203"
    },
    {
        "header": "Wild Strawberries",
        "year": "1957",
        "duration": "1h 31m",
        "genere": "Drama",
        "rating": "8.1",
        "movie_url": "https://www.imdb.com/title/tt0050986/?ref_=chttp_t_204"
    },
    {
        "header": "Mary and Max",
        "year": "2009",
        "duration": "1h 32m",
        "genere": "Animation",
        "rating": "8.1",
        "movie_url": "https://www.imdb.com/title/tt0978762/?ref_=chttp_t_207"
    },
    {
        "header": "The Third Man",
        "year": "1949",
        "duration": "1h 33m",
        "genere": "Film-Noir",
        "rating": "8.1",
        "movie_url": "https://www.imdb.com/title/tt0041959/?ref_=chttp_t_202"
    },
    {
        "header": "Sherlock Jr.",
        "year": "1924",
        "duration": "45m",
        "genere": "Action",
        "rating": "8.2",
        "movie_url": "https://www.imdb.com/title/tt0015324/?ref_=chttp_t_201"
    },
    {
        "header": "Monsters, Inc.",
        "year": "2001",
        "duration": "1h 32m",
        "genere": "Animation",
        "rating": "8.1",
        "movie_url": "https://www.imdb.com/title/tt0198781/?ref_=chttp_t_200"
    },
    {
        "header": "Mad Max: Fury Road",
        "year": "2015",
        "duration": "2h",
        "genere": "Action",
        "rating": "8.1",
        "movie_url": "https://www.imdb.com/title/tt1392190/?ref_=chttp_t_199"
    },
    {
        "header": "The Deer Hunter",
        "year": "1978",
        "duration": "3h 3m",
        "genere": "Drama",
        "rating": "8.1",
        "movie_url": "https://www.imdb.com/title/tt0077416/?ref_=chttp_t_198"
    },
    {
        "header": "The General",
        "year": "1926",
        "duration": "1h 18m",
        "genere": "Action",
        "rating": "8.1",
        "movie_url": "https://www.imdb.com/title/tt0017925/?ref_=chttp_t_197"
    },
    {
        "header": "Jaws",
        "year": "1975",
        "duration": "2h 4m",
        "genere": "Adventure",
        "rating": "8.1",
        "movie_url": "https://www.imdb.com/title/tt0073195/?ref_=chttp_t_205"
    },
    {
        "header": "On the Waterfront",
        "year": "1954",
        "duration": "1h 48m",
        "genere": "Crime",
        "rating": "8.1",
        "movie_url": "https://www.imdb.com/title/tt0047296/?ref_=chttp_t_196"
    },
    {
        "header": "Wild Tales",
        "year": "R",
        "duration": null,
        "genere": "Comedy",
        "rating": "8.1",
        "movie_url": "https://www.imdb.com/title/tt3011894/?ref_=chttp_t_195"
    },
    {
        "header": "Dead Poets Society",
        "year": "1989",
        "duration": "2h 8m",
        "genere": "Comedy",
        "rating": "8.1",
        "movie_url": "https://www.imdb.com/title/tt0097165/?ref_=chttp_t_194"
    },
    {
        "header": "In the Name of the Father",
        "year": "1993",
        "duration": "2h 13m",
        "genere": "Biography",
        "rating": "8.1",
        "movie_url": "https://www.imdb.com/title/tt0107207/?ref_=chttp_t_192"
    },
    {
        "header": "Memories of Murder",
        "year": "2003",
        "duration": "2h 12m",
        "genere": "Crime",
        "rating": "8.1",
        "movie_url": "https://www.imdb.com/title/tt0353969/?ref_=chttp_t_193"
    },
    {
        "header": "The Gold Rush",
        "year": "1925",
        "duration": "1h 35m",
        "genere": "Adventure",
        "rating": "8.1",
        "movie_url": "https://www.imdb.com/title/tt0015864/?ref_=chttp_t_191"
    },
    {
        "header": "Barry Lyndon",
        "year": "1975",
        "duration": "3h 5m",
        "genere": "Adventure",
        "rating": "8.1",
        "movie_url": "https://www.imdb.com/title/tt0072684/?ref_=chttp_t_188"
    },
    {
        "header": "Ben-Hur",
        "year": "1959",
        "duration": "3h 32m",
        "genere": "Adventure",
        "rating": "8.1",
        "movie_url": "https://www.imdb.com/title/tt0052618/?ref_=chttp_t_186"
    },
    {
        "header": "The Grand Budapest Hotel",
        "year": "2014",
        "duration": "1h 39m",
        "genere": "Adventure",
        "rating": "8.1",
        "movie_url": "https://www.imdb.com/title/tt2278388/?ref_=chttp_t_187"
    },
    {
        "header": "Hacksaw Ridge",
        "year": "2016",
        "duration": "2h 19m",
        "genere": "Biography",
        "rating": "8.1",
        "movie_url": "https://www.imdb.com/title/tt2119532/?ref_=chttp_t_190"
    },
    {
        "header": "Before Sunrise",
        "year": "1995",
        "duration": "1h 41m",
        "genere": "Drama",
        "rating": "8.1",
        "movie_url": "https://www.imdb.com/title/tt0112471/?ref_=chttp_t_185"
    },
    {
        "header": "12 Years a Slave",
        "year": "2013",
        "duration": "2h 14m",
        "genere": "Biography",
        "rating": "8.1",
        "movie_url": "https://www.imdb.com/title/tt2024544/?ref_=chttp_t_183"
    },
    {
        "header": "Blade Runner",
        "year": "1982",
        "duration": "1h 57m",
        "genere": "Action",
        "rating": "8.1",
        "movie_url": "https://www.imdb.com/title/tt0083658/?ref_=chttp_t_184"
    },
    {
        "header": "Children of Heaven",
        "year": "1997",
        "duration": "1h 29m",
        "genere": "Drama",
        "rating": "8.2",
        "movie_url": "https://www.imdb.com/title/tt0118849/?ref_=chttp_t_182"
    },
    {
        "header": "Gone Girl",
        "year": "2014",
        "duration": "2h 29m",
        "genere": "Drama",
        "rating": "8.1",
        "movie_url": "https://www.imdb.com/title/tt2267998/?ref_=chttp_t_189"
    },
    {
        "header": "Gran Torino",
        "year": "2008",
        "duration": "1h 56m",
        "genere": "Drama",
        "rating": "8.1",
        "movie_url": "https://www.imdb.com/title/tt1205489/?ref_=chttp_t_178"
    },
    {
        "header": "Harry Potter and the Deathly Hallows: Part 2",
        "year": "2011",
        "duration": "2h 10m",
        "genere": "Adventure",
        "rating": "8.1",
        "movie_url": "https://www.imdb.com/title/tt1201607/?ref_=chttp_t_181"
    },
    {
        "header": "My Neighbor Totoro",
        "year": "1988",
        "duration": "1h 26m",
        "genere": "Animation",
        "rating": "8.1",
        "movie_url": "https://www.imdb.com/title/tt0096283/?ref_=chttp_t_179"
    },
    {
        "header": "Godzilla Minus One",
        "year": "2023",
        "duration": "2h 4m",
        "genere": "Action",
        "rating": "8.3",
        "movie_url": "https://www.imdb.com/title/tt23289160/?ref_=chttp_t_177"
    },
    {
        "header": "Million Dollar Baby",
        "year": "2004",
        "duration": "2h 12m",
        "genere": "Drama",
        "rating": "8.1",
        "movie_url": "https://www.imdb.com/title/tt0405159/?ref_=chttp_t_180"
    },
    {
        "header": "Warrior",
        "year": "2011",
        "duration": "2h 20m",
        "genere": "Action",
        "rating": "8.1",
        "movie_url": "https://www.imdb.com/title/tt1291584/?ref_=chttp_t_176"
    },
    {
        "header": "Catch Me If You Can",
        "year": "2002",
        "duration": "2h 21m",
        "genere": "Biography",
        "rating": "8.1",
        "movie_url": "https://www.imdb.com/title/tt0264464/?ref_=chttp_t_175"
    },
    {
        "header": "Fargo",
        "year": "1996",
        "duration": "1h 38m",
        "genere": "Crime",
        "rating": "8.1",
        "movie_url": "https://www.imdb.com/title/tt0116282/?ref_=chttp_t_173"
    },
    {
        "header": "The Bridge on the River Kwai",
        "year": "1957",
        "duration": "2h 41m",
        "genere": "Adventure",
        "rating": "8.1",
        "movie_url": "https://www.imdb.com/title/tt0050212/?ref_=chttp_t_171"
    },
    {
        "header": "Klaus",
        "year": "2019",
        "duration": "1h 36m",
        "genere": "Animation",
        "rating": "8.2",
        "movie_url": "https://www.imdb.com/title/tt4729430/?ref_=chttp_t_174"
    },
    {
        "header": "Trainspotting",
        "year": "1996",
        "duration": "1h 33m",
        "genere": "Drama",
        "rating": "8.1",
        "movie_url": "https://www.imdb.com/title/tt0117951/?ref_=chttp_t_170"
    },
    {
        "header": "Three Billboards Outside Ebbing, Missouri",
        "year": "2017",
        "duration": "1h 55m",
        "genere": "Comedy",
        "rating": "8.1",
        "movie_url": "https://www.imdb.com/title/tt5027774/?ref_=chttp_t_169"
    },
    {
        "header": "The Secret in Their Eyes",
        "year": "2009",
        "duration": "2h 9m",
        "genere": "Drama",
        "rating": "8.2",
        "movie_url": "https://www.imdb.com/title/tt1305806/?ref_=chttp_t_166"
    },
    {
        "header": "Inside Out",
        "year": "2015",
        "duration": "1h 35m",
        "genere": "Animation",
        "rating": "8.1",
        "movie_url": "https://www.imdb.com/title/tt2096673/?ref_=chttp_t_167"
    },
    {
        "header": "Raging Bull",
        "year": "1980",
        "duration": "2h 9m",
        "genere": "Biography",
        "rating": "8.1",
        "movie_url": "https://www.imdb.com/title/tt0081398/?ref_=chttp_t_168"
    },
    {
        "header": "Spider-Man: No Way Home",
        "year": "2021",
        "duration": "2h 28m",
        "genere": "Action",
        "rating": "8.2",
        "movie_url": "https://www.imdb.com/title/tt10872600/?ref_=chttp_t_172"
    },
    {
        "header": "Lock, Stock and Two Smoking Barrels",
        "year": "1998",
        "duration": "1h 47m",
        "genere": "Action",
        "rating": "8.1",
        "movie_url": "https://www.imdb.com/title/tt0120735/?ref_=chttp_t_165"
    },
    {
        "header": "Dial M for Murder",
        "year": "1954",
        "duration": "1h 45m",
        "genere": "Crime",
        "rating": "8.2",
        "movie_url": "https://www.imdb.com/title/tt0046912/?ref_=chttp_t_162"
    },
    {
        "header": "Gone with the Wind",
        "year": "1939",
        "duration": "3h 58m",
        "genere": "Drama",
        "rating": "8.2",
        "movie_url": "https://www.imdb.com/title/tt0031381/?ref_=chttp_t_163"
    },
    {
        "header": "Prisoners",
        "year": "2013",
        "duration": "2h 33m",
        "genere": "Crime",
        "rating": "8.2",
        "movie_url": "https://www.imdb.com/title/tt1392214/?ref_=chttp_t_158"
    },
    {
        "header": "Chinatown",
        "year": "1974",
        "duration": "2h 10m",
        "genere": "Drama",
        "rating": "8.1",
        "movie_url": "https://www.imdb.com/title/tt0071315/?ref_=chttp_t_161"
    },
    {
        "header": "Howl's Moving Castle",
        "year": "2004",
        "duration": "1h 59m",
        "genere": "Animation",
        "rating": "8.2",
        "movie_url": "https://www.imdb.com/title/tt0347149/?ref_=chttp_t_159"
    },
    {
        "header": "The Elephant Man",
        "year": "1980",
        "duration": "2h 4m",
        "genere": "Biography",
        "rating": "8.2",
        "movie_url": "https://www.imdb.com/title/tt0080678/?ref_=chttp_t_160"
    },
    {
        "header": "V for Vendetta",
        "year": "2005",
        "duration": "2h 12m",
        "genere": "Action",
        "rating": "8.2",
        "movie_url": "https://www.imdb.com/title/tt0434409/?ref_=chttp_t_164"
    },
    {
        "header": "Rashomon",
        "year": "1950",
        "duration": "1h 28m",
        "genere": "Crime",
        "rating": "8.2",
        "movie_url": "https://www.imdb.com/title/tt0042876/?ref_=chttp_t_157"
    },
    {
        "header": "The Great Escape",
        "year": "1963",
        "duration": "2h 52m",
        "genere": "Adventure",
        "rating": "8.2",
        "movie_url": "https://www.imdb.com/title/tt0057115/?ref_=chttp_t_155"
    },
    {
        "header": "Monty Python and the Holy Grail",
        "year": "1975",
        "duration": "1h 31m",
        "genere": "Adventure",
        "rating": "8.2",
        "movie_url": "https://www.imdb.com/title/tt0071853/?ref_=chttp_t_154"
    },
    {
        "header": "Finding Nemo",
        "year": "2003",
        "duration": "1h 40m",
        "genere": "Animation",
        "rating": "8.2",
        "movie_url": "https://www.imdb.com/title/tt0266543/?ref_=chttp_t_156"
    },
    {
        "header": "Yojimbo",
        "year": "1961",
        "duration": "1h 50m",
        "genere": "Action",
        "rating": "8.2",
        "movie_url": "https://www.imdb.com/title/tt0055630/?ref_=chttp_t_153"
    },
    {
        "header": "The Treasure of the Sierra Madre",
        "year": "1948",
        "duration": "2h 6m",
        "genere": "Adventure",
        "rating": "8.2",
        "movie_url": "https://www.imdb.com/title/tt0040897/?ref_=chttp_t_151"
    },
    {
        "header": "Kill Bill: Vol. 1",
        "year": "2003",
        "duration": "1h 51m",
        "genere": "Action",
        "rating": "8.2",
        "movie_url": "https://www.imdb.com/title/tt0266697/?ref_=chttp_t_152"
    },
    {
        "header": "The Thing",
        "year": "1982",
        "duration": "1h 49m",
        "genere": "Horror",
        "rating": "8.2",
        "movie_url": "https://www.imdb.com/title/tt0084787/?ref_=chttp_t_150"
    },
    {
        "header": "A Beautiful Mind",
        "year": "2001",
        "duration": "2h 15m",
        "genere": "Biography",
        "rating": "8.2",
        "movie_url": "https://www.imdb.com/title/tt0268978/?ref_=chttp_t_149"
    },
    {
        "header": "No Country for Old Men",
        "year": "2007",
        "duration": "2h 2m",
        "genere": "Crime",
        "rating": "8.2",
        "movie_url": "https://www.imdb.com/title/tt0477348/?ref_=chttp_t_148"
    },
    {
        "header": "Unforgiven",
        "year": "1992",
        "duration": "2h 10m",
        "genere": "Drama",
        "rating": "8.2",
        "movie_url": "https://www.imdb.com/title/tt0105695/?ref_=chttp_t_147"
    },
    {
        "header": "Jurassic Park",
        "year": "1993",
        "duration": "2h 7m",
        "genere": "Action",
        "rating": "8.2",
        "movie_url": "https://www.imdb.com/title/tt0107290/?ref_=chttp_t_144"
    },
    {
        "header": "Pan's Labyrinth",
        "year": "2006",
        "duration": "1h 58m",
        "genere": "Drama",
        "rating": "8.2",
        "movie_url": "https://www.imdb.com/title/tt0457430/?ref_=chttp_t_146"
    },
    {
        "header": "Casino",
        "year": "1995",
        "duration": "2h 58m",
        "genere": "Crime",
        "rating": "8.2",
        "movie_url": "https://www.imdb.com/title/tt0112641/?ref_=chttp_t_142"
    },
    {
        "header": "The Sixth Sense",
        "year": "1999",
        "duration": "1h 47m",
        "genere": "Drama",
        "rating": "8.2",
        "movie_url": "https://www.imdb.com/title/tt0167404/?ref_=chttp_t_145"
    },
    {
        "header": "Ran",
        "year": "1985",
        "duration": "2h 40m",
        "genere": "Action",
        "rating": "8.2",
        "movie_url": "https://www.imdb.com/title/tt0089881/?ref_=chttp_t_143"
    },
    {
        "header": "Shutter Island",
        "year": "2010",
        "duration": "2h 18m",
        "genere": "Drama",
        "rating": "8.2",
        "movie_url": "https://www.imdb.com/title/tt1130884/?ref_=chttp_t_140"
    },
    {
        "header": "Top Gun: Maverick",
        "year": "2022",
        "duration": "2h 10m",
        "genere": "Action",
        "rating": "8.2",
        "movie_url": "https://www.imdb.com/title/tt1745960/?ref_=chttp_t_139"
    },
    {
        "header": "There Will Be Blood",
        "year": "2007",
        "duration": "2h 38m",
        "genere": "Drama",
        "rating": "8.2",
        "movie_url": "https://www.imdb.com/title/tt0469494/?ref_=chttp_t_141"
    },
    {
        "header": "The Truman Show",
        "year": "1998",
        "duration": "1h 43m",
        "genere": "Comedy",
        "rating": "8.2",
        "movie_url": "https://www.imdb.com/title/tt0120382/?ref_=chttp_t_138"
    },
    {
        "header": "All About Eve",
        "year": "1950",
        "duration": "2h 18m",
        "genere": "Drama",
        "rating": "8.2",
        "movie_url": "https://www.imdb.com/title/tt0042192/?ref_=chttp_t_137"
    },
    {
        "header": "The Father",
        "year": "2020",
        "duration": "1h 37m",
        "genere": "Drama",
        "rating": "8.2",
        "movie_url": "https://www.imdb.com/title/tt10272386/?ref_=chttp_t_135"
    },
    {
        "header": "Judgment at Nuremberg",
        "year": "1961",
        "duration": "2h 59m",
        "genere": "Drama",
        "rating": "8.3",
        "movie_url": "https://www.imdb.com/title/tt0055031/?ref_=chttp_t_136"
    },
    {
        "header": "The Kid",
        "year": "1921",
        "duration": "1h 8m",
        "genere": "Comedy",
        "rating": "8.2",
        "movie_url": "https://www.imdb.com/title/tt0012349/?ref_=chttp_t_134"
    },
    {
        "header": "Green Book",
        "year": "2018",
        "duration": "2h 10m",
        "genere": "Biography",
        "rating": "8.2",
        "movie_url": "https://www.imdb.com/title/tt6966692/?ref_=chttp_t_133"
    },
    {
        "header": "The Wolf of Wall Street",
        "year": "2013",
        "duration": "3h",
        "genere": "Biography",
        "rating": "8.2",
        "movie_url": "https://www.imdb.com/title/tt0993846/?ref_=chttp_t_131"
    },
    {
        "header": "Some Like It Hot",
        "year": "1959",
        "duration": "2h 1m",
        "genere": "Comedy",
        "rating": "8.2",
        "movie_url": "https://www.imdb.com/title/tt0053291/?ref_=chttp_t_132"
    },
    {
        "header": "For a Few Dollars More",
        "year": "1965",
        "duration": "2h 12m",
        "genere": "Drama",
        "rating": "8.2",
        "movie_url": "https://www.imdb.com/title/tt0059578/?ref_=chttp_t_129"
    },
    {
        "header": "Dangal",
        "year": "2016",
        "duration": "2h 41m",
        "genere": "Action",
        "rating": "8.3",
        "movie_url": "https://www.imdb.com/title/tt5074352/?ref_=chttp_t_128"
    },
    {
        "header": "Taxi Driver",
        "year": "1976",
        "duration": "1h 54m",
        "genere": "Crime",
        "rating": "8.2",
        "movie_url": "https://www.imdb.com/title/tt0075314/?ref_=chttp_t_126"
    },
    {
        "header": "Downfall",
        "year": "2004",
        "duration": "2h 36m",
        "genere": "Biography",
        "rating": "8.2",
        "movie_url": "https://www.imdb.com/title/tt0363163/?ref_=chttp_t_127"
    },
    {
        "header": "1917",
        "year": "2019",
        "duration": "1h 59m",
        "genere": "Action",
        "rating": "8.2",
        "movie_url": "https://www.imdb.com/title/tt8579674/?ref_=chttp_t_124"
    },
    {
        "header": "L.A. Confidential",
        "year": "1997",
        "duration": "2h 18m",
        "genere": "Crime",
        "rating": "8.2",
        "movie_url": "https://www.imdb.com/title/tt0119488/?ref_=chttp_t_123"
    },
    {
        "header": "Batman Begins",
        "year": "2005",
        "duration": "2h 20m",
        "genere": "Action",
        "rating": "8.2",
        "movie_url": "https://www.imdb.com/title/tt0372784/?ref_=chttp_t_130"
    },
    {
        "header": "Bicycle Thieves",
        "year": "1948",
        "duration": "1h 29m",
        "genere": "Drama",
        "rating": "8.3",
        "movie_url": "https://www.imdb.com/title/tt0040522/?ref_=chttp_t_125"
    },
    {
        "header": "Like Stars on Earth",
        "year": "2007",
        "duration": "2h 42m",
        "genere": "Drama",
        "rating": "8.3",
        "movie_url": "https://www.imdb.com/title/tt0986264/?ref_=chttp_t_120"
    },
    {
        "header": "Snatch",
        "year": "2000",
        "duration": "1h 42m",
        "genere": "Comedy",
        "rating": "8.2",
        "movie_url": "https://www.imdb.com/title/tt0208092/?ref_=chttp_t_121"
    },
    {
        "header": "Indiana Jones and the Last Crusade",
        "year": "1989",
        "duration": "2h 7m",
        "genere": "Action",
        "rating": "8.2",
        "movie_url": "https://www.imdb.com/title/tt0097576/?ref_=chttp_t_117"
    },
    {
        "header": "Metropolis",
        "year": "1927",
        "duration": "2h 33m",
        "genere": "Drama",
        "rating": "8.3",
        "movie_url": "https://www.imdb.com/title/tt0017136/?ref_=chttp_t_119"
    },
    {
        "header": "Hamilton",
        "year": "2020",
        "duration": "2h 40m",
        "genere": "Biography",
        "rating": "8.3",
        "movie_url": "https://www.imdb.com/title/tt8503618/?ref_=chttp_t_122"
    },
    {
        "header": "A Separation",
        "year": "2011",
        "duration": "2h 3m",
        "genere": "Drama",
        "rating": "8.3",
        "movie_url": "https://www.imdb.com/title/tt1832382/?ref_=chttp_t_116"
    },
    {
        "header": "The Sting",
        "year": "1973",
        "duration": "2h 9m",
        "genere": "Comedy",
        "rating": "8.3",
        "movie_url": "https://www.imdb.com/title/tt0070735/?ref_=chttp_t_115"
    },
    {
        "header": "Die Hard",
        "year": "1988",
        "duration": "2h 12m",
        "genere": "Action",
        "rating": "8.2",
        "movie_url": "https://www.imdb.com/title/tt0095016/?ref_=chttp_t_118"
    },
    {
        "header": "To Kill a Mockingbird",
        "year": "1962",
        "duration": "2h 9m",
        "genere": "Crime",
        "rating": "8.3",
        "movie_url": "https://www.imdb.com/title/tt0056592/?ref_=chttp_t_114"
    },
    {
        "header": "Heat",
        "year": "1995",
        "duration": "2h 50m",
        "genere": "Action",
        "rating": "8.3",
        "movie_url": "https://www.imdb.com/title/tt0113277/?ref_=chttp_t_111"
    },
    {
        "header": "M",
        "year": "1931",
        "duration": "1h 39m",
        "genere": "Crime",
        "rating": "8.3",
        "movie_url": "https://www.imdb.com/title/tt0022100/?ref_=chttp_t_106"
    },
    {
        "header": "Amélie",
        "year": "2001",
        "duration": "2h 2m",
        "genere": "Comedy",
        "rating": "8.3",
        "movie_url": "https://www.imdb.com/title/tt0211915/?ref_=chttp_t_109"
    },
    {
        "header": "Up",
        "year": "2009",
        "duration": "1h 36m",
        "genere": "Animation",
        "rating": "8.3",
        "movie_url": "https://www.imdb.com/title/tt1049413/?ref_=chttp_t_113"
    },
    {
        "header": "Scarface",
        "year": "1983",
        "duration": "2h 50m",
        "genere": "Crime",
        "rating": "8.3",
        "movie_url": "https://www.imdb.com/title/tt0086250/?ref_=chttp_t_108"
    },
    {
        "header": "Full Metal Jacket",
        "year": "1987",
        "duration": "1h 56m",
        "genere": "Drama",
        "rating": "8.3",
        "movie_url": "https://www.imdb.com/title/tt0093058/?ref_=chttp_t_110"
    },
    {
        "header": "Double Indemnity",
        "year": "1944",
        "duration": "1h 47m",
        "genere": "Crime",
        "rating": "8.3",
        "movie_url": "https://www.imdb.com/title/tt0036775/?ref_=chttp_t_107"
    },
    {
        "header": "A Clockwork Orange",
        "year": "1971",
        "duration": "2h 16m",
        "genere": "Crime",
        "rating": "8.3",
        "movie_url": "https://www.imdb.com/title/tt0066921/?ref_=chttp_t_112"
    },
    {
        "header": "Vertigo",
        "year": "1958",
        "duration": "2h 8m",
        "genere": "Mystery",
        "rating": "8.3",
        "movie_url": "https://www.imdb.com/title/tt0052357/?ref_=chttp_t_105"
    },
    {
        "header": "Citizen Kane",
        "year": "1941",
        "duration": "1h 59m",
        "genere": "Drama",
        "rating": "8.3",
        "movie_url": "https://www.imdb.com/title/tt0033467/?ref_=chttp_t_103"
    },
    {
        "header": "Incendies",
        "year": "2010",
        "duration": "2h 11m",
        "genere": "Drama",
        "rating": "8.3",
        "movie_url": "https://www.imdb.com/title/tt1255953/?ref_=chttp_t_104"
    },
    {
        "header": "The Apartment",
        "year": "1960",
        "duration": "2h 5m",
        "genere": "Comedy",
        "rating": "8.3",
        "movie_url": "https://www.imdb.com/title/tt0053604/?ref_=chttp_t_101"
    },
    {
        "header": "North by Northwest",
        "year": "1959",
        "duration": "2h 16m",
        "genere": "Action",
        "rating": "8.3",
        "movie_url": "https://www.imdb.com/title/tt0053125/?ref_=chttp_t_102"
    },
    {
        "header": "Lawrence of Arabia",
        "year": "1962",
        "duration": "3h 38m",
        "genere": "Adventure",
        "rating": "8.3",
        "movie_url": "https://www.imdb.com/title/tt0056172/?ref_=chttp_t_100"
    },
    {
        "header": "Reservoir Dogs",
        "year": "1992",
        "duration": "1h 39m",
        "genere": "Crime",
        "rating": "8.3",
        "movie_url": "https://www.imdb.com/title/tt0105236/?ref_=chttp_t_98"
    },
    {
        "header": "Ikiru",
        "year": "1952",
        "duration": "2h 23m",
        "genere": "Drama",
        "rating": "8.3",
        "movie_url": "https://www.imdb.com/title/tt0044741/?ref_=chttp_t_99"
    },
    {
        "header": "Eternal Sunshine of the Spotless Mind",
        "year": "2004",
        "duration": "1h 48m",
        "genere": "Drama",
        "rating": "8.3",
        "movie_url": "https://www.imdb.com/title/tt0338013/?ref_=chttp_t_95"
    },
    {
        "header": "The Hunt",
        "year": "2012",
        "duration": "1h 55m",
        "genere": "Drama",
        "rating": "8.3",
        "movie_url": "https://www.imdb.com/title/tt2106476/?ref_=chttp_t_96"
    },
    {
        "header": "Toy Story 3",
        "year": "2010",
        "duration": "1h 43m",
        "genere": "Animation",
        "rating": "8.3",
        "movie_url": "https://www.imdb.com/title/tt0435761/?ref_=chttp_t_93"
    },
    {
        "header": "Star Wars: Episode VI - Return of the Jedi",
        "year": "1983",
        "duration": "2h 11m",
        "genere": "Action",
        "rating": "8.3",
        "movie_url": "https://www.imdb.com/title/tt0086190/?ref_=chttp_t_94"
    },
    {
        "header": "Come and See",
        "year": "1985",
        "duration": "2h 22m",
        "genere": "Drama",
        "rating": "8.4",
        "movie_url": "https://www.imdb.com/title/tt0091251/?ref_=chttp_t_91"
    },
    {
        "header": "Oppenheimer",
        "year": "2023",
        "duration": "3h",
        "genere": "Biography",
        "rating": "8.3",
        "movie_url": "https://www.imdb.com/title/tt15398776/?ref_=chttp_t_92"
    },
    {
        "header": "Requiem for a Dream",
        "year": "2000",
        "duration": "1h 42m",
        "genere": "Drama",
        "rating": "8.3",
        "movie_url": "https://www.imdb.com/title/tt0180093/?ref_=chttp_t_90"
    },
    {
        "header": "2001: A Space Odyssey",
        "year": "1968",
        "duration": "2h 29m",
        "genere": "Adventure",
        "rating": "8.3",
        "movie_url": "https://www.imdb.com/title/tt0062622/?ref_=chttp_t_97"
    },
    {
        "header": "Singin' in the Rain",
        "year": "1952",
        "duration": "1h 43m",
        "genere": "Comedy",
        "rating": "8.3",
        "movie_url": "https://www.imdb.com/title/tt0045152/?ref_=chttp_t_88"
    },
    {
        "header": "Capernaum",
        "year": "2018",
        "duration": "2h 6m",
        "genere": "Drama",
        "rating": "8.4",
        "movie_url": "https://www.imdb.com/title/tt8267604/?ref_=chttp_t_89"
    },
    {
        "header": "3 Idiots",
        "year": "2009",
        "duration": "2h 50m",
        "genere": "Comedy",
        "rating": "8.4",
        "movie_url": "https://www.imdb.com/title/tt1187043/?ref_=chttp_t_87"
    },
    {
        "header": "High and Low",
        "year": "1963",
        "duration": "2h 23m",
        "genere": "Crime",
        "rating": "8.4",
        "movie_url": "https://www.imdb.com/title/tt0057565/?ref_=chttp_t_86"
    },
    {
        "header": "Once Upon a Time in America",
        "year": "1984",
        "duration": "3h 49m",
        "genere": "Crime",
        "rating": "8.3",
        "movie_url": "https://www.imdb.com/title/tt0087843/?ref_=chttp_t_85"
    },
    {
        "header": "Your Name.",
        "year": "2016",
        "duration": null,
        "genere": "Animation",
        "rating": "8.4",
        "movie_url": "https://www.imdb.com/title/tt5311514/?ref_=chttp_t_84"
    },
    {
        "header": "Princess Mononoke",
        "year": "1997",
        "duration": "2h 14m",
        "genere": "Animation",
        "rating": "8.3",
        "movie_url": "https://www.imdb.com/title/tt0119698/?ref_=chttp_t_82"
    },
    {
        "header": "Good Will Hunting",
        "year": "1997",
        "duration": "2h 6m",
        "genere": "Drama",
        "rating": "8.3",
        "movie_url": "https://www.imdb.com/title/tt0119217/?ref_=chttp_t_83"
    },
    {
        "header": "Joker",
        "year": "2019",
        "duration": "2h 2m",
        "genere": "Crime",
        "rating": "8.4",
        "movie_url": "https://www.imdb.com/title/tt7286456/?ref_=chttp_t_81"
    },
    {
        "header": "Braveheart",
        "year": "1995",
        "duration": "2h 58m",
        "genere": "Biography",
        "rating": "8.3",
        "movie_url": "https://www.imdb.com/title/tt0112573/?ref_=chttp_t_80"
    },
    {
        "header": "Das Boot",
        "year": "1981",
        "duration": null,
        "genere": "Drama",
        "rating": "8.4",
        "movie_url": "https://www.imdb.com/title/tt0082096/?ref_=chttp_t_78"
    },
    {
        "header": "Toy Story",
        "year": "1995",
        "duration": "1h 21m",
        "genere": "Animation",
        "rating": "8.3",
        "movie_url": "https://www.imdb.com/title/tt0114709/?ref_=chttp_t_77"
    },
    {
        "header": "Coco",
        "year": "2017",
        "duration": "1h 45m",
        "genere": "Animation",
        "rating": "8.4",
        "movie_url": "https://www.imdb.com/title/tt2380307/?ref_=chttp_t_75"
    },
    {
        "header": "Amadeus",
        "year": "1984",
        "duration": "2h 40m",
        "genere": "Biography",
        "rating": "8.4",
        "movie_url": "https://www.imdb.com/title/tt0086879/?ref_=chttp_t_76"
    },
    {
        "header": "Oldboy",
        "year": "2003",
        "duration": "2h",
        "genere": "Action",
        "rating": "8.3",
        "movie_url": "https://www.imdb.com/title/tt0364569/?ref_=chttp_t_74"
    },
    {
        "header": "American Beauty",
        "year": "1999",
        "duration": "2h 2m",
        "genere": "Drama",
        "rating": "8.3",
        "movie_url": "https://www.imdb.com/title/tt0169547/?ref_=chttp_t_73"
    },
    {
        "header": "Dr. Strangelove or: How I Learned to Stop Worrying and Love the Bomb",
        "year": "1964",
        "duration": "1h 35m",
        "genere": "Comedy",
        "rating": "8.4",
        "movie_url": "https://www.imdb.com/title/tt0057012/?ref_=chttp_t_72"
    },
    {
        "header": "Avengers: Endgame",
        "year": "2019",
        "duration": "3h 1m",
        "genere": "Action",
        "rating": "8.4",
        "movie_url": "https://www.imdb.com/title/tt4154796/?ref_=chttp_t_79"
    },
    {
        "header": "The Dark Knight Rises",
        "year": "2012",
        "duration": "2h 44m",
        "genere": "Action",
        "rating": "8.4",
        "movie_url": "https://www.imdb.com/title/tt1345836/?ref_=chttp_t_71"
    },
    {
        "header": "Aliens",
        "year": "1986",
        "duration": "2h 17m",
        "genere": "Action",
        "rating": "8.4",
        "movie_url": "https://www.imdb.com/title/tt0090605/?ref_=chttp_t_69"
    },
    {
        "header": "Inglourious Basterds",
        "year": "2009",
        "duration": "2h 33m",
        "genere": "Adventure",
        "rating": "8.4",
        "movie_url": "https://www.imdb.com/title/tt0361748/?ref_=chttp_t_70"
    },
    {
        "header": "The Great Dictator",
        "year": "1940",
        "duration": "2h 5m",
        "genere": "Comedy",
        "rating": "8.4",
        "movie_url": "https://www.imdb.com/title/tt0032553/?ref_=chttp_t_68"
    },
    {
        "header": "The Shining",
        "year": "1980",
        "duration": "2h 26m",
        "genere": "Drama",
        "rating": "8.4",
        "movie_url": "https://www.imdb.com/title/tt0081505/?ref_=chttp_t_67"
    },
    {
        "header": "Spider-Man: Into the Spider-Verse",
        "year": "2018",
        "duration": "1h 57m",
        "genere": "Animation",
        "rating": "8.4",
        "movie_url": "https://www.imdb.com/title/tt4633694/?ref_=chttp_t_65"
    },
    {
        "header": "Witness for the Prosecution",
        "year": "1957",
        "duration": "1h 56m",
        "genere": "Crime",
        "rating": "8.4",
        "movie_url": "https://www.imdb.com/title/tt0051201/?ref_=chttp_t_66"
    },
    {
        "header": "Paths of Glory",
        "year": "1957",
        "duration": "1h 28m",
        "genere": "Drama",
        "rating": "8.4",
        "movie_url": "https://www.imdb.com/title/tt0050825/?ref_=chttp_t_63"
    },
    {
        "header": "Avengers: Infinity War",
        "year": "2018",
        "duration": "2h 29m",
        "genere": "Action",
        "rating": "8.4",
        "movie_url": "https://www.imdb.com/title/tt4154756/?ref_=chttp_t_64"
    },
    {
        "header": "Sunset Blvd.",
        "year": "1950",
        "duration": "1h 50m",
        "genere": "Drama",
        "rating": "8.4",
        "movie_url": "https://www.imdb.com/title/tt0043014/?ref_=chttp_t_62"
    },
    {
        "header": "The Lives of Others",
        "year": "2006",
        "duration": "2h 17m",
        "genere": "Drama",
        "rating": "8.4",
        "movie_url": "https://www.imdb.com/title/tt0405094/?ref_=chttp_t_61"
    },
    {
        "header": "WALL·E",
        "year": "2008",
        "duration": "1h 38m",
        "genere": "Animation",
        "rating": "8.4",
        "movie_url": "https://www.imdb.com/title/tt0910970/?ref_=chttp_t_59"
    },
    {
        "header": "Raiders of the Lost Ark",
        "year": "1981",
        "duration": "1h 55m",
        "genere": "Action",
        "rating": "8.4",
        "movie_url": "https://www.imdb.com/title/tt0082971/?ref_=chttp_t_60"
    },
    {
        "header": "12th Fail",
        "year": "2023",
        "duration": null,
        "genere": "Biography",
        "rating": "9.0",
        "movie_url": "https://www.imdb.com/title/tt23849204/?ref_=chttp_t_58"
    },
    {
        "header": "Apocalypse Now",
        "year": "1979",
        "duration": "2h 27m",
        "genere": "Drama",
        "rating": "8.4",
        "movie_url": "https://www.imdb.com/title/tt0078788/?ref_=chttp_t_55"
    },
    {
        "header": "Memento",
        "year": "2000",
        "duration": "1h 53m",
        "genere": "Mystery",
        "rating": "8.4",
        "movie_url": "https://www.imdb.com/title/tt0209144/?ref_=chttp_t_57"
    },
    {
        "header": "City Lights",
        "year": "1931",
        "duration": "1h 27m",
        "genere": "Comedy",
        "rating": "8.5",
        "movie_url": "https://www.imdb.com/title/tt0021749/?ref_=chttp_t_54"
    },
    {
        "header": "Once Upon a Time in the West",
        "year": "1968",
        "duration": "2h 46m",
        "genere": "Western",
        "rating": "8.5",
        "movie_url": "https://www.imdb.com/title/tt0064116/?ref_=chttp_t_52"
    },
    {
        "header": "Django Unchained",
        "year": "2012",
        "duration": "2h 45m",
        "genere": "Drama",
        "rating": "8.5",
        "movie_url": "https://www.imdb.com/title/tt1853728/?ref_=chttp_t_56"
    },
    {
        "header": "The Intouchables",
        "year": "2011",
        "duration": "1h 52m",
        "genere": "Comedy",
        "rating": "8.5",
        "movie_url": "https://www.imdb.com/title/tt1675434/?ref_=chttp_t_48"
    },
    {
        "header": "Alien",
        "year": "1979",
        "duration": "1h 57m",
        "genere": "Horror",
        "rating": "8.5",
        "movie_url": "https://www.imdb.com/title/tt0078748/?ref_=chttp_t_53"
    },
    {
        "header": "Modern Times",
        "year": "1936",
        "duration": "1h 27m",
        "genere": "Comedy",
        "rating": "8.5",
        "movie_url": "https://www.imdb.com/title/tt0027977/?ref_=chttp_t_50"
    },
    {
        "header": "Rear Window",
        "year": "1954",
        "duration": "1h 52m",
        "genere": "Mystery",
        "rating": "8.5",
        "movie_url": "https://www.imdb.com/title/tt0047396/?ref_=chttp_t_51"
    },
    {
        "header": "The Usual Suspects",
        "year": "1995",
        "duration": "1h 46m",
        "genere": "Crime",
        "rating": "8.5",
        "movie_url": "https://www.imdb.com/title/tt0114814/?ref_=chttp_t_46"
    },
    {
        "header": "Harakiri",
        "year": "1962",
        "duration": "2h 13m",
        "genere": "Action",
        "rating": "8.6",
        "movie_url": "https://www.imdb.com/title/tt0056058/?ref_=chttp_t_45"
    },
    {
        "header": "Cinema Paradiso",
        "year": "1988",
        "duration": "2h 54m",
        "genere": "Drama",
        "rating": "8.5",
        "movie_url": "https://www.imdb.com/title/tt0095765/?ref_=chttp_t_49"
    },
    {
        "header": "Grave of the Fireflies",
        "year": "1988",
        "duration": "1h 29m",
        "genere": "Animation",
        "rating": "8.5",
        "movie_url": "https://www.imdb.com/title/tt0095327/?ref_=chttp_t_44"
    },
    {
        "header": "The Prestige",
        "year": "2006",
        "duration": "2h 10m",
        "genere": "Drama",
        "rating": "8.5",
        "movie_url": "https://www.imdb.com/title/tt0482571/?ref_=chttp_t_43"
    },
    {
        "header": "Casablanca",
        "year": "1942",
        "duration": "1h 42m",
        "genere": "Drama",
        "rating": "8.5",
        "movie_url": "https://www.imdb.com/title/tt0034583/?ref_=chttp_t_47"
    },
    {
        "header": "Whiplash",
        "year": "2014",
        "duration": "1h 46m",
        "genere": "Drama",
        "rating": "8.5",
        "movie_url": "https://www.imdb.com/title/tt2582802/?ref_=chttp_t_42"
    },
    {
        "header": "American History X",
        "year": "1998",
        "duration": "1h 59m",
        "genere": "Crime",
        "rating": "8.5",
        "movie_url": "https://www.imdb.com/title/tt0120586/?ref_=chttp_t_41"
    },
    {
        "header": "The Departed",
        "year": "2006",
        "duration": "2h 31m",
        "genere": "Crime",
        "rating": "8.5",
        "movie_url": "https://www.imdb.com/title/tt0407887/?ref_=chttp_t_40"
    },
    {
        "header": "Léon: The Professional",
        "year": "1994",
        "duration": "1h 50m",
        "genere": "Action",
        "rating": "8.5",
        "movie_url": "https://www.imdb.com/title/tt0110413/?ref_=chttp_t_39"
    },
    {
        "header": "Psycho",
        "year": "1960",
        "duration": "1h 49m",
        "genere": "Horror",
        "rating": "8.5",
        "movie_url": "https://www.imdb.com/title/tt0054215/?ref_=chttp_t_35"
    },
    {
        "header": "Gladiator",
        "year": "2000",
        "duration": "2h 35m",
        "genere": "Action",
        "rating": "8.5",
        "movie_url": "https://www.imdb.com/title/tt0172495/?ref_=chttp_t_37"
    },
    {
        "header": "Spider-Man: Across the Spider-Verse",
        "year": "2023",
        "duration": "2h 20m",
        "genere": "Animation",
        "rating": "8.6",
        "movie_url": "https://www.imdb.com/title/tt9362722/?ref_=chttp_t_36"
    },
    {
        "header": "The Pianist",
        "year": "2002",
        "duration": "2h 30m",
        "genere": "Biography",
        "rating": "8.5",
        "movie_url": "https://www.imdb.com/title/tt0253474/?ref_=chttp_t_33"
    },
    {
        "header": "Parasite",
        "year": "2019",
        "duration": "2h 12m",
        "genere": "Drama",
        "rating": "8.5",
        "movie_url": "https://www.imdb.com/title/tt6751668/?ref_=chttp_t_34"
    },
    {
        "header": "Back to the Future",
        "year": "1985",
        "duration": "1h 56m",
        "genere": "Adventure",
        "rating": "8.5",
        "movie_url": "https://www.imdb.com/title/tt0088763/?ref_=chttp_t_31"
    },
    {
        "header": "Spirited Away",
        "year": "2001",
        "duration": "2h 5m",
        "genere": "Animation",
        "rating": "8.6",
        "movie_url": "https://www.imdb.com/title/tt0245429/?ref_=chttp_t_32"
    },
    {
        "header": "Star Wars: Episode IV - A New Hope",
        "year": "1977",
        "duration": "2h 1m",
        "genere": "Action",
        "rating": "8.6",
        "movie_url": "https://www.imdb.com/title/tt0076759/?ref_=chttp_t_30"
    },
    {
        "header": "The Lion King",
        "year": "1994",
        "duration": "1h 28m",
        "genere": "Animation",
        "rating": "8.5",
        "movie_url": "https://www.imdb.com/title/tt0110357/?ref_=chttp_t_38"
    },
    {
        "header": "Terminator 2: Judgment Day",
        "year": "1991",
        "duration": "2h 17m",
        "genere": "Action",
        "rating": "8.6",
        "movie_url": "https://www.imdb.com/title/tt0103064/?ref_=chttp_t_29"
    },
    {
        "header": "The Green Mile",
        "year": "1999",
        "duration": "3h 9m",
        "genere": "Crime",
        "rating": "8.6",
        "movie_url": "https://www.imdb.com/title/tt0120689/?ref_=chttp_t_28"
    },
    {
        "header": "Life Is Beautiful",
        "year": "1997",
        "duration": "1h 56m",
        "genere": "Comedy",
        "rating": "8.6",
        "movie_url": "https://www.imdb.com/title/tt0118799/?ref_=chttp_t_27"
    },
    {
        "header": "Saving Private Ryan",
        "year": "1998",
        "duration": "2h 49m",
        "genere": "Drama",
        "rating": "8.6",
        "movie_url": "https://www.imdb.com/title/tt0120815/?ref_=chttp_t_25"
    },
    {
        "header": "Seven Samurai",
        "year": "1954",
        "duration": "3h 27m",
        "genere": "Action",
        "rating": "8.6",
        "movie_url": "https://www.imdb.com/title/tt0047478/?ref_=chttp_t_23"
    },
    {
        "header": "It's a Wonderful Life",
        "year": "1946",
        "duration": "2h 10m",
        "genere": "Drama",
        "rating": "8.6",
        "movie_url": "https://www.imdb.com/title/tt0038650/?ref_=chttp_t_22"
    },
    {
        "header": "The Silence of the Lambs",
        "year": "1991",
        "duration": "1h 58m",
        "genere": "Crime",
        "rating": "8.6",
        "movie_url": "https://www.imdb.com/title/tt0102926/?ref_=chttp_t_24"
    },
    {
        "header": "Interstellar",
        "year": "2014",
        "duration": "2h 49m",
        "genere": "Adventure",
        "rating": "8.7",
        "movie_url": "https://www.imdb.com/title/tt0816692/?ref_=chttp_t_21"
    },
    {
        "header": "City of God",
        "year": "2002",
        "duration": "2h 10m",
        "genere": "Crime",
        "rating": "8.6",
        "movie_url": "https://www.imdb.com/title/tt0317248/?ref_=chttp_t_26"
    },
    {
        "header": "Se7en",
        "year": "1995",
        "duration": "2h 7m",
        "genere": "Crime",
        "rating": "8.6",
        "movie_url": "https://www.imdb.com/title/tt0114369/?ref_=chttp_t_20"
    },
    {
        "header": "One Flew Over the Cuckoo's Nest",
        "year": "1975",
        "duration": "2h 13m",
        "genere": "Drama",
        "rating": "8.7",
        "movie_url": "https://www.imdb.com/title/tt0073486/?ref_=chttp_t_19"
    },
    {
        "header": "Dune: Part Two",
        "year": "2024",
        "duration": "2h 46m",
        "genere": "Action",
        "rating": "8.7",
        "movie_url": "https://www.imdb.com/title/tt15239678/?ref_=chttp_t_18"
    },
    {
        "header": "Goodfellas",
        "year": "1990",
        "duration": "2h 25m",
        "genere": "Biography",
        "rating": "8.7",
        "movie_url": "https://www.imdb.com/title/tt0099685/?ref_=chttp_t_17"
    }
]